image_id,group_id,water_ratio
0,290,0.11700439453125
1,450,0.0111083984375
2,120,0.71826171875
4,160,0.01983642578125
5,950,0.0
6,220,0.01702880859375
7,70,0.0023193359375
9,120,0.41534423828125
10,160,0.06304931640625
11,920,0.65740966796875
12,120,0.5810546875
14,880,0.0
15,120,0.5831298828125
16,120,0.76904296875
17,120,0.5240478515625
18,120,0.46038818359375
19,120,0.55572509765625
20,120,0.33148193359375
21,370,0.0
22,120,0.50048828125
23,120,0.43487548828125
24,2590,0.00616455078125
25,150,0.0185546875
27,120,0.63153076171875
30,120,0.6468505859375
31,70,0.0
32,60,0.01336669921875
33,70,0.0023193359375
34,120,0.2205810546875
36,120,0.04376220703125
37,2110,0.0
38,1270,0.0
41,300,0.0
42,120,0.811279296875
43,120,0.5604248046875
44,120,0.31854248046875
45,120,0.53509521484375
49,120,0.313720703125
51,120,0.56036376953125
54,120,0.25762939453125
55,120,0.5833740234375
56,120,0.2421875
57,220,0.000244140625
58,70,0.0
60,120,0.81988525390625
61,120,0.4241943359375
62,120,0.14337158203125
64,120,0.575439453125
65,120,0.43475341796875
66,40,0.083251953125
67,60,0.01336669921875
68,120,0.63153076171875
69,60,0.02716064453125
71,220,0.0240478515625
72,1290,0.00201416015625
73,120,0.986328125
76,120,0.40863037109375
77,120,0.62127685546875
79,120,0.09552001953125
82,230,0.0
85,270,0.01177978515625
86,120,0.5189208984375
87,370,0.04071044921875
89,120,0.349365234375
90,1670,0.0
91,120,0.5706787109375
92,120,0.4259033203125
93,120,0.084228515625
94,120,0.1673583984375
95,120,0.26715087890625
96,480,0.0
97,120,0.31243896484375
98,120,0.13043212890625
100,120,0.40997314453125
101,680,0.00408935546875
102,120,0.38720703125
103,70,0.0
105,170,0.0440673828125
106,480,0.0
108,120,0.22430419921875
110,120,0.2578125
111,120,0.74407958984375
112,60,0.03692626953125
113,160,0.03887939453125
114,120,0.53460693359375
115,430,0.0
116,120,0.91998291015625
117,120,0.4073486328125
119,120,0.3851318359375
121,120,0.32208251953125
122,490,0.0
124,120,0.41595458984375
125,120,0.31158447265625
126,120,0.24700927734375
127,120,0.09552001953125
130,120,0.380615234375
131,120,0.4097900390625
132,120,0.5272216796875
133,1720,0.000244140625
134,120,0.6484375
135,120,0.88580322265625
137,120,0.1636962890625
138,2190,0.02349853515625
141,70,0.0023193359375
143,120,0.664794921875
145,120,0.272216796875
148,120,0.33123779296875
149,120,0.61181640625
150,1960,0.0023193359375
152,1250,0.0
153,120,0.2423095703125
154,120,0.3826904296875
155,1080,0.0
157,120,0.39520263671875
158,120,0.604736328125
159,520,0.03643798828125
160,120,0.5672607421875
161,120,0.42205810546875
162,160,0.003662109375
164,70,0.19482421875
165,390,6.103515625e-05
167,140,0.0
168,70,0.0023193359375
170,120,0.36566162109375
173,1700,0.0
174,140,0.00048828125
176,1700,0.00030517578125
177,120,0.25341796875
179,120,0.3409423828125
180,120,0.46844482421875
181,60,0.0802001953125
183,120,0.20794677734375
185,120,0.2513427734375
186,120,0.6912841796875
187,120,0.5240478515625
188,70,0.0
189,280,0.0
190,260,0.06817626953125
191,120,0.606201171875
193,60,0.00286865234375
196,120,0.6617431640625
197,60,0.0133056640625
198,330,0.1258544921875
199,120,0.16473388671875
200,120,0.13897705078125
203,120,0.51568603515625
204,1380,0.0
205,120,0.4417724609375
206,120,0.5263671875
207,540,0.0
209,120,0.16583251953125
211,370,0.0
212,370,0.00042724609375
213,120,0.17877197265625
217,120,0.38604736328125
218,700,0.000244140625
220,120,0.31695556640625
221,120,0.383056640625
222,120,0.2965087890625
223,120,0.325439453125
224,120,0.24700927734375
225,120,0.33892822265625
227,300,0.0
228,120,0.39276123046875
229,120,0.84295654296875
230,60,0.08392333984375
232,540,0.0
233,120,0.85894775390625
234,120,0.893798828125
236,120,0.32861328125
237,120,0.22052001953125
238,120,0.21380615234375
239,920,0.6478271484375
241,60,0.01202392578125
242,70,0.0023193359375
243,120,0.16912841796875
244,120,0.9603271484375
245,40,0.52703857421875
246,120,0.4224853515625
247,300,0.00677490234375
249,660,0.0311279296875
250,120,0.313720703125
251,120,0.75543212890625
252,150,0.006591796875
254,120,0.7816162109375
255,220,0.000244140625
256,120,0.25152587890625
257,120,0.27886962890625
258,1750,0.0
260,120,0.14849853515625
263,120,0.5726318359375
264,40,0.01922607421875
265,630,0.04693603515625
268,120,0.44775390625
271,430,0.0020751953125
272,120,0.3861083984375
277,120,0.6259765625
278,710,0.0023193359375
280,230,0.0
281,120,0.61749267578125
282,120,0.1641845703125
283,120,0.7838134765625
284,120,0.0162353515625
285,510,0.037353515625
286,120,0.90155029296875
287,120,0.3251953125
291,160,0.03839111328125
293,120,0.7940673828125
295,40,0.01470947265625
296,490,0.0
297,120,0.1761474609375
299,1200,0.0
303,120,0.3878173828125
305,120,0.293212890625
